title;file_id;mimeType;ingredients_count;steps_count
Aiguillettes de poulet à la crème fraîche.pdf;1eIijQ_ExD-MnFPmBrQ2HKvOZtH1tFA82;application/pdf;0;21
Almond pastry puff.pdf;1P2UONw3eUKqMYHRHHJoApME6vMxcGqyr;application/pdf;0;25
Anglo French Toastie.pdf;1VQRq-4NTWOXhINrsUYjCrvURjjN_1RBn;application/pdf;2;50
Apricot and raspberry clafoutis.pdf;1IOUn82-Vg-Y-sM7x-pqjTQJVP4t4GqQa;application/pdf;6;0
Asian salmon & sweet potato traybake.pdf;1aP_2FOz0U1ycIIgMZcfXO_nBB_hV8Tku;application/pdf;10;49
Avocado Tostadas.pdf;15wLchYT7NCf47ujAtqMRoc8z1Z98RX8A;application/pdf;13;0
Bacon and white bean soup.pdf;18ugZbSdFkMkBLTNmwOic_hnMZdTKo__H;application/pdf;7;27
Baked cod with a tangy topping.pdf;1NYy2vEeivEwcNGjYNS6dC1vxJrbL_tA-;application/pdf;9;0
Baked eggs in popped beans.pdf;1sn6Y1eti4uv9lyipxIeWwJXCiIa1RfXg;application/pdf;8;54
Baked Sweet Potato Skins.pdf;1XcGM-mQPLM4Ex0n0QdKpxCisxnJVkE58;application/pdf;5;11
Baked Sweet Potatoes, Avocado And Queso Fresco.pdf;1Cpv03IWOL_f1UouAV2W74u8vjHZp47qU;application/pdf;4;44
Baked Sweet Potatoes.pdf;17bG4fUBWDdu_GmPk04YNd8RptE4UzB1v;application/pdf;3;12
Banana Bread.pdf;13GRFPIW1-Pw4PKBxsmbyRY7pIyAu-UtW;application/pdf;0;0
Bar en papillote.pdf;11rRU-nMvH8to-w5NAQ9p33tzXr5cwKmh;application/pdf;3;11
Bar sauvage en croûte de sel.pdf;1ZM_E4tMpGWmDDjhH3zHqStX7IqX0-ZhS;application/pdf;0;28
Basque-style salmon stew.pdf;1CGDgamTjNvkc6S-kw5GhR0gC-sk7HQUB;application/pdf;10;9
Bean and Chicken Sausage Stew Recipe.pdf;14b1ADH-xpWvCetsvBkzmIwYXcJmQcd6Z;application/pdf;0;32
Beef stew.pdf;1xzhIeoWydN8fZ_N1LWuec5pdAtbe4w8K;application/pdf;9;49
Beef tacos.pdf;16Ntq5KaZWiFLAdV3O1O1rju-GC4fgyy4;application/pdf;16;18
Berry pocket eggy bread.pdf;1-dK3XAmnjyhCXFaT6-P3wYx4Xksn2iTu;application/pdf;5;52
Blaff de poissons.pdf;1bag9zvFZcncipo3jjUXEebqQ-faYXLE6;application/pdf;12;19
Blancs de dinde à la mexicaine.pdf;1HUv3bjZOv_Ffl_C8hoU5_HAW9rMKVcvH;application/pdf;0;36
Blancs de poulet poêlés sauce moutarde.pdf;1vsOR-oAXe663aoMafTlc-PFg6iM7NqCu;application/pdf;1;4
Blancs de volaille caramélisés au sirop d'érable et aux amandes.pdf;16pr_TtRPJJezFdrC02Jiei5hmKu9olO6;application/pdf;0;20
Blancs de volaille Mchermel.pdf;1pngINqv745fu-w4iAm8tdJvN1Wponvgx;application/pdf;8;6
Blanquette de lotte.pdf;1BWEGhMQ1gijL2zwYmcxCVY_444RaqkVS;application/pdf;0;59
Blanquette de veau a lancienne.pdf;1G6lzTOPr3hGVRPSPwzF00gtomiXBd_8F;application/pdf;0;69
Boeuf en goulash.pdf;1BoWQIY0GtrQkAcefKKeaOsYyRa24lqx1;application/pdf;10;7
Boeuf minute au micro-ondes.pdf;18VYAfvaiwApK1Bb2FHMPLodYHpxfMlt9;application/pdf;0;17
Boeuf à la Guiness.pdf;1dMepZ6LkapFoRy3bYUfvinB4Uq3II46l;application/pdf;0;0
Bouillon à la coriandre, gingembre et crevettes.pdf;1lpyBn7WfR8FqRU_9mGFjyEQjb4j_sfdG;application/pdf;0;0
Boulettes express.pdf;1nMqpSNRONIyyhFyGWud-xyn5mWIbVnN3;application/pdf;0;37
Boulettes_dinde_sauce_tomate_origan.pdf;1_niHjSRPqBabTXUk5EVpnUtGSPvvvSEZ;application/pdf;0;5
Bourguinon et purée.pdf;11GMY_I0UeE_sFBwgsyoLKKj3wPiMr7qJ;application/pdf;8;17
Brick à la provençale.pdf;1a19F_vnvc6qFwug4Y_UXGbzcw08fRjJf;application/pdf;0;28
Brochettes de la mer.pdf;1JU_f7hNyf23jTbqQ7zQvvOafePvR-ryh;application/pdf;0;23
Brochettes de thon mariné.pdf;1UEpV7kCsAi7yWriH8lj0-AnaDbEydmbh;application/pdf;0;29
Brouillade d'oeufs et croûtons.pdf;1eyAGAOi6vlprtyVTLzvij80hkcYIJP76;application/pdf;0;24
Bulgur wheat salad with beetroot, honey and goats' cheese.pdf;1nhgxjVM5_yqLY8AyAldwnax_U_wzGgA9;application/pdf;6;39
Burger méditerranéen, salsa de tomates cerises.pdf.pdf;1PA2GU4rKPAWcjRrXDwRhKtVFcYaomF4275TJlW1owtXyYgJmkxj8Of6Rnu8sQw8KeOVageObSnHF2uiK;application/pdf;1;0
Cabillaud à la portugaise.pdf;1foJTfdzZ32gQpAD_JTnEfgN3gu8IBrf6;application/pdf;10;16
Cake au Comté et jambon.pdf;1O_S3aTz2wfxWE74Yh8vebgpL6sHTDO-9;application/pdf;0;21
Cake au thon.pdf;1pD3typeZI4F3fZoutTBRJIEq8b-uXBcO;application/pdf;7;4
Cake aux pommes.pdf;1NJBWbZ91FhtVaiu_jmfW9st227E1jroR;application/pdf;0;0
Cake citron framboise _ Recette de Cake citron framboise - Marmiton.pdf;1Q99H25jrD_6CH4uN1COmD7ev6C2LHhxB;application/pdf;0;36
Carbonara d'agneau au parmesan.pdf;1FkMrRQcDc9f0YmaZ6Ou_oxjJW56CuPHM;application/pdf;0;23
Carottes au citron et au miel.pdf;1MGmYkHDNZGRtvhZ5Do0wKRUnNfCfbOkj;application/pdf;0;0
Carottes rapées au poisson de Malika.pdf;1J5nk2sGqND5CsMuV16M4xz2W0zAYzxWq;application/pdf;0;17
Carottes tartiflette.pdf;1Zz4a8mi7e6tB7xsmwt68pj2mzdHl3Wt1;application/pdf;0;0
Carpaccio mariné aux deux poissons.pdf;1SVqIVqui6XBYX5-yQrYAsSu1CEuaq6Nm;application/pdf;0;24
Carré d'agneau en croûte d'herbes aux amandes.pdf;19mczIdk6e2VTmJVLTKXT6ccmsc3t94Lg;application/pdf;0;23
Carré de porc à la moutarde.pdf;1xtSAIlkO8-An0Ehg5E-zJb0CtAPpGJm2;application/pdf;0;35
Champignons à la créole.pdf;14ABiLDuGB_Yi76uMHiW15-FdcjzFuo6C;application/pdf;8;9
Chapon de Janzé.pdf;1qcZ1yrXjPghCjyijX7cGvjOXlO_tZVvq;application/pdf;0;0
Charred avo & eggs.pdf;1i5c4sC9mBvr_VT3BcDTfFiwk19jYbPiH;application/pdf;7;56
Chaussons feuilletés au jambon.pdf;1CWlMjnWtAsPy6aJqvDSHe_QKbSkkvv3y;application/pdf;6;8
Chicken and sweet potato traybake.pdf;1Pi-iin1HU8ecB1vSijh1vrMnUeI2Lz9W;application/pdf;10;0
Chicken casserole with potato cobbler.pdf;1Z-9D32FqrJfDt-C9pMC20PmOUSaEYmu4;application/pdf;11;42
Chicken Drumstick Traybake.pdf;1OcZ9V-1UptoP-pp-gYc7fTRfMbKcsMkX;application/pdf;7;39
Chicken fajitas.pdf;149XjD8vSQsCPyOMAGuQTqhA3WkaDHheF;application/pdf;0;71
Chicken in a creamy mushroom sauce.pdf;1T3D7cg1KiY_4mVbpwwFhVULhj5HiSXrY;application/pdf;4;31
Chicken salad with couscous and oranges.pdf;1LziFELsPK5nTtvL8LhgOaYctUVULOyUA;application/pdf;3;27
Chicken with chorizo bean stew.pdf;1LA5RTZC9KgfDR1vnto1DwtPkncjteqIc;application/pdf;9;40
Chorizo, butter bean and spinach stew.pdf;1_x9G8KgSHyXAUpxvqs_P62PbyGgHXFFo;application/pdf;10;0
Citrus Soy Salmon Fillet.pdf;1BC4a_abTKBOiNbw1fxmV2LLFvRUgAp2O;application/pdf;5;26
Clafoutis aux poireaux et jambon.pdf;1zsSWmTUaVQdC0x5yXcClyBmUz2I84BZK;application/pdf;0;0
Clafoutis crémeux aux cerises.pdf;1ikdh8JB1CWQmvbZU77J2CJ8HRbXrvNZ5;application/pdf;6;12
Classic Tomato Spaghetti.pdf;1NQxYS18072_izvNYAop4Io1yd3S_oeYB;application/pdf;10;18
Consommé de champignons.pdf;1u8xUYiOOy7-9lfhrxCOxn684YCh0IGpJ;application/pdf;0;16
Coquilles feuilletées de St jacques aux poireaux.pdf;1XyYKISEjS8hCxSvudwPNzZDr5zKnLXZd;application/pdf;0;0
Coquillettes_jambon_bechamel_fromage.pdf;1T7SLR9SE1cwqDu2iRSEGesJQD6uA5JMh;application/pdf;6;19
Crab Mac 'n' Cheese.pdf;1zdQ4GlE6dn4yy9o6LAylahgnlchr8utc;application/pdf;13;28
Crab_Mac_and_Cheese.pdf;12qN_YGv_33eBXxdNzLqYP1N-LmoVkjny;application/pdf;9;18
Crackers au fromage de chèvre frais en faisselle.pdf;1QfmYBE18v_NgNiZkj7S4ZXARb9I6c0kx;application/pdf;0;20
Creamy butternut squash soup.pdf;1u5euMxnY4XLMYsDM4alP7elXqcjrzhTx;application/pdf;0;0
Creamy carbonara with smoky bacon.pdf;1thalf6nSJySYR7wGKGnTLxCa7jzm1_GU;application/pdf;9;46
Creamy Garlic Mushroom Pasta - Dr. Vegan.pdf;1UoM1Q1iOBVe60tSesvKeTQoeCoVzVJOs;application/pdf;8;32
Creamy Mushroom Soup.pdf;1OtFGJNyax3sVnHR5I0VhjSnqLofmx8Rv;application/pdf;4;62
Creamy white wine chicken.pdf;1EH7AcYPpOsRe8XLxAZSEW8pnd2zVU-rU;application/pdf;4;19
Crevettes grillées et purée maison.pdf;1ZHcDLxcF345wpzZg4EZ64MadyyHL64Nw;application/pdf;0;34
Crêpes aux pommes.pdf;1BKBaxn9dGCSDG_sWVJd7PrfLeqf-0E5H;application/pdf;7;12
Croquants aux flocons d'avoine, sauce aux 2 tomates et roquette.pdf;1-FwYR2DHwIRjX6WSa_Y8_8r-dMKXuGDE;application/pdf;0;0
Croques épinards chèvre.pdf;145mCmChwacK4slhyDOJKzYOLyy77oPNr;application/pdf;0;19
Croquettes de Thon.pdf;1Hw4KZbdmt8B837XmZtbxOnowi5gr7IBI;application/pdf;0;1
Crumble aux Pommes.pdf;1J2iKrROOYtYb23o34-sH3M3BAhOJvn61;application/pdf;9;11
Crumble aux tomates et aux oignons.pdf;19ouPRiUNItY4VAubj3kGOJSK4AtQhaBw;application/pdf;11;16
Crumble_potiron_chevre.pdf;1WesBVwYvSzas7SZOIQLsKYt5XocThBz6;application/pdf;6;20
Crunchy Quinoa Chicken Nuggets.pdf;1Z7uf-er88oeYBTA2P_utfRj10bc61EcJ;application/pdf;8;30
Crème de champignons des bois.pdf;15Sb9Ge8hmRJ69Px3Brj3R5eCuqySgM4C;application/pdf;0;0
Curried cod.pdf;1AbZtiQGNTYLZukv8RwwaXvwcgyCFr5GC;application/pdf;7;0
Curry_poisson_noix_de_coco_Mumbai.pdf;1R52xixERar_goznfxIauzaByfIlss3Zf;application/pdf;11;16
Dawaras façon Dora.pdf;1nHt6_yBbmxIpkCcWhPYTzFnRxhpIRgvY;application/pdf;1;10
Easy Carrot Cake.pdf;10jTL0qgP8H60rdrwnvsdRyIJq5u1ic20;application/pdf;16;0
Easy sausage carbonara.pdf;1lAPcSpJDu2sHC6AK4KYH6jYmwZKujPY3;application/pdf;2;44
Echines aux deux moutardes.pdf;1LoArjXT5EYEoChCFMGV9A2EyEI2eVwwx;application/pdf;5;8
Egg & mango chutney flatbreads.pdf;1-fJR9EoqQwSc4cknxshKlg3HGIN49x1n;application/pdf;5;48
Emincé de filet de boeuf au cognac.pdf;175aZJwrjjPg7P0SSpqbu33-zcBGdTx2r;application/pdf;7;11
Empereur aux olives.pdf;1WK_h2KDgNQdLlPFpRMFUYMbEEnfKSad8;application/pdf;0;7
Escalope de dinde au marsala et à la sauge.pdf;1_nn16R9FWcDe6EK5zM-fjp7UUVWcpo8Q;application/pdf;0;27
Escalope de dinde aux champignons de Paris.pdf;1oQMGSBP-t7rIWXalOsfcMg34I5c3czlm;application/pdf;0;25
Escalope de dinde en papillote.pdf;13ie2lER8jjAtmMyBdzNb_1gsqYXb5oI_;application/pdf;0;33
Escalopes de veau à la muscade.pdf;1-ihOSMpuS2DjwpfWyYFKufjltdz18fgt;application/pdf;4;8
Épaule d'agneau en cocotte.pdf;1ceStp-9Akhqze4ifkiEOZVfO6cPZ5PfW;application/pdf;0;34
Farcis à la nicoise.pdf;1js7EFwg15wWiJea7Y3VGHMb4ohWVuBxW;application/pdf;0;0
Farfalles au poulet et aux champignons de Paris.pdf;1JBKeUCsEIqe0rkMFBOIMSYEMVZUQi8ZB;application/pdf;0;24
Feta & semi-dried tomato omelette.pdf;1ex4tB_is8NNetWEETVtKxOIoxPIkQJNE;application/pdf;4;5
Filet de bar mariné et grillé aux herbes.pdf;1Yn5OI81cn9ckGqVrR_y7fDQZaxePt6iy;application/pdf;0;0
Filet de cabillaud sauce moutarde.pdf;1S6HjFPYAzSBkx9TaFsJ2fXWgMXiu2Vyt;application/pdf;0;0
Filet de daurade au coulis d'olives.pdf;1TUPGUh7qDZ6W6rUxbqRh4JwlSUc32nPl;application/pdf;0;24
Filet mignon aux tomates confites et à la feta.pdf;1d6iTFxCo16OzbMMGFh54KMof8VyX0HJJ;application/pdf;0;23
Filet mignon à la bière brune.pdf;1P2RvyFot4n1DnZ8L_JdTQ5JstVEmP7-N;application/pdf;11;12
Filet_mignon_cidre_pommes.pdf;1O-mwoPD3RM1gIe-cUu2yFQem5fMZQjkx;application/pdf;0;7
Filets de cabillaud pochés au lait.pdf;1-UB00rCSKTJSEB8P2I3EiK-LM6E7cRYU;application/pdf;0;45
Filets de poisson caramélisés en papillote.pdf;1cpQMVDZJ2nEYYVCrWU4DZxzz9BYHOUXw;application/pdf;0;28
Filets de rouget à l'ail des ours.pdf;0B42O_BX-8zVLODMwODRkOTgtZGQ4Zi00MWEzLTg3NGEtY2Q5OWE1MzU3MmE1;application/pdf;0;23
Filets de sole à la purée d'olives.pdf;18CHXtLM3vdZxPAVemKrPj8yblxYuv_6I;application/pdf;7;5
Fish traybake.pdf;1yiCspcIQB4IpbdbODdeE5ObeiiwFLr1o;application/pdf;9;8
Five-Spice Salmon Tacos.pdf;1UVQW0RRZqBp_ct4rbNKnIvL7uz44vrte;application/pdf;2;62
Flan aux carottes et au cumin.pdf;1nAz7Qyr3wIzowxpxUhTrcde89jB9tiXm;application/pdf;0;0
Flan à la vanille healthy.pdf;15G0E9m70PPhT_h4zK9-lfNqjR7ZMCpXn;application/pdf;0;0
Fricassee_poulet_champignons.pdf;1sZcQBSKNA7VbHP_PJrO73Th5tYLZYbC8;application/pdf;0;6
Fricassée de poulet au miel.pdf;1DXnJmeNgecGu9mqT6yh-haLQ9b_D0UCv;application/pdf;0;30
Fricassée de poulet.pdf;1R6iblsXDie272izpmmrlJuTFG_pXv_Va;application/pdf;0;27
Garden beetroot and Roscoff onion tart.pdf;1YPzCy6ons6XL2vN4xfKWJG_Um8uZt5vm;application/pdf;5;93
Garlicky mushroom penne.pdf;1WHERMaM4Hm6vNyGYDdXAFrq0SjLguKOQ;application/pdf;11;11
Gateau au chocolat.pdf;1D-_Fj_ElKqAmz2cNWiN3ltFm_M3wi05V;application/pdf;4;0
Gaufres de pomme de terre au saumon fumé.pdf;1bcjA5Z_lzhuT7zl0WT7L_0lOJDUrpns7;application/pdf;0;0
Gaufres salées au chorizo.pdf;1RvPPYGxY0NP8DyJtINPIC3Qi0zf8ZlGA;application/pdf;0;26
Gaufres salées au jambon cru, aux tomates séchées et à la mozarella.pdf;1-wlzN_sIwMENfTBVkib-bruThwcJS6Y3;application/pdf;8;13
Gâteau au yaourt crémeux.pdf;1SHeAOe-iyusOgoVvxiHr1UFocg3hcSs4;application/pdf;5;12
Gâteau de cerises.pdf;1yiDs4ymB13YteQNwT7Ol2bRTKMpV5OoJ;application/pdf;0;0
Gâteau moelleux aux pommes et à la canelle.pdf;1-jsLIkfBmMjgo0jDpKfsXAgZs-7SHgQy;application/pdf;0;0
Gennaro's Pasta Frittata Pasta.pdf;1svwrPHavl1K2IPUrAH5qxGP8VjCkZ7ry;application/pdf;2;70
Giant veg rosti.pdf;1wieYpIchX9po0a-8ZDZgoywOM5Y_ipF2;application/pdf;8;69
Gigot pleureur.pdf;17Du8b9rUxwVYhixMuXakvMA3_aw9GVlN;application/pdf;0;0
Gnocchi alla Trapanese.pdf;1qwh12mcoLN4TMfiq7O1ymwjMyqaSEFir;application/pdf;9;59
Good vegetable soup.pdf;17inT5TBwExowyubMkC81RsZNV2E_3Oky;application/pdf;5;30
Goulash à la Hongroise.pdf;1HpCXfye3oR6bJleG6uPqAzAXQM4ailLq;application/pdf;0;0
Gratin dauphinois.pdf;13geGOOxHNmzo8tdgp0Ib80z2_aAMfTG2;application/pdf;4;11
Gratin de carottes.pdf;1vsF27n__4_sAwtvNFHTcin1NyFzVB7Oq;application/pdf;0;20
Gratin de chou-fleur à la mozzarella.pdf;1KC4AADd7DRosJpdl73k-1lfCHEIVVtmW;application/pdf;0;11
Gratin de courge.pdf;18_TQ76ToXgKtP2oWd6Q4lhH9k5H4u_Xs;application/pdf;0;24
Gratin de macaronis au jambon du mercredi.pdf;1E-22U7smqs-JO22AmqnIgGK3YZatGDdX;application/pdf;5;7
Gratin de poireaux.pdf;1JWwUR7o7bVMM3aQKn5XPXlWFQSRmTUfk;application/pdf;0;22
Gratin de pâtes à la carbonara.pdf;1yaDJ58tt1_BPamDJ0ZsSe_6Xpy6xTgeR;application/pdf;0;25
Gratin_chou_fleur_reblochon.pdf;1CfRMhWy-fu93aU1lo0zQ9XXfXBK8GiQc;application/pdf;6;22
Gratin_courgettes_mozzarella_parmesan.pdf;1memnNIhiLq3OuD8oT9KMeTYvhACYAMhC;application/pdf;8;16
Gratin_courgettes_pommes_de_terre.pdf;1P8t49aRiaUtp5bQ3LcvSUg4OiTHPTsNV;application/pdf;5;5
Gratin_de_legumes_d_hiver.pdf;12729D-QSSXR8XzUUz6M-PDuPn4WEPB6c;application/pdf;11;18
Gratin_potiron_chataignes_sauge.pdf;176cN6QEQdMZmFsiuiLWI0R9QXqpytAan;application/pdf;0;7
Greek Yogurt Cake.pdf;1Umi08MnVgG8BM5I0eCZ2ezgzHrmMupZ7;application/pdf;2;0
Gâteau aux fraises.pdf;1wXTrXVOcd-Iu5SUMXpFlPmQNNhLTpNr6;application/pdf;3;15
Gâteau Banana Choc.pdf;1q2mBldu_agjr-N1frpq6Nj5PEWIa2fuw;application/pdf;0;0
Gâteau coco au yaourt.pdf;1EbfD8put9_bC3DFd_HRRVkRR3py11miU;application/pdf;0;16
Gâteau de Pâques de Tata Marie.pdf;1WSMhmVhTiKGzzTZyWPsnPjmrNtYqaYaW;application/pdf;7;4
Hachis parmentier.pdf;1ryD-MJuh58Aybb1vhDli9ymyV1SoSUd4;application/pdf;0;27
Haddock with cannellini beans & artichokes.pdf;1sevIY6BlZ8K1ZoPYx1CqxJTbTUXJsY_5;application/pdf;6;12
Halloumi Stuffed Peppers Recipe.pdf;1Rh--71fgw34XBaR7t9Zla8hVbdNoqGf8;application/pdf;8;9
Healthy chicken Caesar.pdf;1q6U1PEbHu-C8q5-IwCUk-PPa0wJxBqkg;application/pdf;3;68
Jacket potato with whipped feta & sumac.pdf;16QXXlhwjioQqE_isEHjHCrO79onjzGxs;application/pdf;7;11
Jambon cuit et sauce suprême aux champignons.pdf;11bHR5CaqYfUQg6Nr-48wHugo0O9-RXyR;application/pdf;0;22
Japanese-style salmon and avocado salad.pdf;1U90jO4iF8mEmYrXGVidLQQpfWoIRgNIQ;application/pdf;10;0
Jools easy chicken curry.pdf;1NkYzCy9SKl5GrfIBssHfMm9Et2bqg_k7;application/pdf;6;64
Jools Fish Pie.pdf;1Fvd-djuigvQLHo9Ldmq4n_QeE66kL0kc;application/pdf;1;94
Jools simple chicken & veg stew.pdf;1u1B2MTeIc7QH2oqJXgsLMEkT2j_xmzca;application/pdf;5;81
Korean pork and red pepper stew.pdf;15GNGVLMIGy_3e0oSiLo2jxo_7oXN9API;application/pdf;0;0
Lamb & chickpea curry.pdf;1NV5cmkvI96QAqmvddqQTcwmg77yA7eCE;application/pdf;0;15
Lapin au citron vert et au gingembre.pdf;1P3DXKBArcrXEbLuL1FEsQM8hWdlLWTev;application/pdf;6;19
Leek, bacon & potato soup.pdf;1fzzYw40pHOa1viXrW5gFJI95WuzSJ1Xf;application/pdf;8;11
Leek, potato and rosemary soup.pdf;1ZEpxFqBUD6UTSfSUlxDiFtHUDYYxEkO3;application/pdf;0;0
Lemon chicken bake.pdf;12fiK_abJxEMnyJ1MT2FbTh29JOhfy6JN;application/pdf;8;9
Lentil tabbouleh.pdf;11uLWGqgCm2WH7J2KgqQ269ncrOvAWmfS;application/pdf;3;42
Loaded Sweet Potatoes Recipe.pdf;1W9ivmL8HwCDP5tKgvg8W-bFOIJ1clcjz;application/pdf;8;35
Lotte en croûte d'épices.pdf;1g11OJN3qQRZ7Ij-wLywex0KviG4xW47S;application/pdf;5;6
Lotte en terrine.pdf;11oqyaID-c752ixGSG2jkAhFE8MA-9WNa;application/pdf;6;10
Madeleines.pdf;1A_tSKEJMLOqgdBruO_BQdr2P9byDWZCL;application/pdf;0;24
Magrets de canard à la sauce airelle.pdf;1MycKi0VVh4I0mYaPKoAfebktOM93khPw;application/pdf;1;9
Marinated beetroot.pdf;1-O9u3RQUt04LkSqFtOk2_JBHb9DXiLGl;application/pdf;4;28
Marmelade d'oranges amères.pdf;16Ldt2VmpVO6ATXdaccAGMDSKanF5aNWz;application/pdf;0;0
Matelote de roussette.pdf;1aXrUjBWp-A_vlk8yLOFNZkn89KJOQ_08;application/pdf;0;28
Meatballs with cherry tomato sauce and tagliatelle.pdf;1V4IyKntp37zPnpkdko3U5q9lwDMgnGau;application/pdf;7;19
Mega veggie nachos.pdf;18cG08WA13LucDcMh-6ZB1aNIC9s5XLYP;application/pdf;3;60
Mijoté d'échine à la bière blanche.pdf;15AdAegqL_g9Vgp_jI8nPEwWgMughGFhO;application/pdf;0;27
Millefeuilles de pommes et boudin blanc.pdf;1Du-QyrOJO2JtJ6ZdeQykHTDXvqKCHEut;application/pdf;0;34
Mini Cupcakes Salés.pdf;15nT1YsxyIkZNWDWoOrYnY2vKuiVhXsnL;application/pdf;0;0
Monkfish with spinach & feta.pdf;1HE1xei8KgmELjoBewLw8hb4MRIUi5_7I;application/pdf;6;35
Moroccan Almond, Chickpea and Tomato Stew.pdf;1TZNc5IpLwcrVpQXU3DamIB9KFVfXf7Pm;application/pdf;0;19
Moules au chorizo et au curry.pdf;1rZNzMU_wAQ56faqYlm7HamYyOKEcm8qL;application/pdf;0;0
Mousse au chocolat.pdf;1mY6F5l6k7DMFGu62G2PHqlThe3Uq-PS7;application/pdf;0;24
Muffins aux tomates cerises.pdf;1ovD-g8dj6HTfVXb06h-JK9bKADSkGryS;application/pdf;0;28
Mushroom And Feta Risotto.pdf;1OYtaP5QNMm4i2fEuKHdONk8RkzOcg8j2;application/pdf;9;17
Mushroom bourguignon.pdf;17H5enwhZKtFISQjQxW95kquZ42hXEUaJ;application/pdf;3;62
Mushroom curry.pdf;1OB9EZzq7qGWPyvTq_tA8qYJoBIyoFcBg;application/pdf;4;63
Mushroom Risotto.pdf;17ArzIfxp5Qy5VIa5XfSFobqY-bbkNect;application/pdf;3;90
Médaillons de porc au curry.pdf;1zI6yim6cdj0Zdcxa1Z-9joSvWwt_BYrD;application/pdf;10;7
Nocciolata maison.pdf;1RBVqYodLa6FZpH_1rpP34yZhDEwTNTpo;application/pdf;0;32
Noix de Saint Jacques aux petits légumes.pdf;1k4Wx6BMsK9HstKPNVUB-yMFzACTCmR72;application/pdf;0;34
Nuggets_geants_ultra_croustillants.pdf;1PagTy2qIDL5yrdzQoQXGAPVMYRFc0QTX;application/pdf;4;20
Oeufs brouillés au comté.pdf;1mhJB3pxdrKSRxy_-E2zIxOOxMQWltA6Q;application/pdf;4;9
Olivettes farcies au pil-pil.pdf;1pUKPtoEuzd-EhZh_iO5dP3VjqimQLr5R;application/pdf;0;0
Omelette au thon.pdf;11K9zmTYT4072eTVBCcnfGjllZwTp7g4i;application/pdf;0;25
Omelette pancakes with tomato & pepper sauce.pdf;1HPyMGGZW4HfECUHCNhAlehPVS7WA5Fm7;application/pdf;6;11
Omelette soufflée au chorizo.pdf;1jZX4HxwVkFh7KS3ADsDmx41HNRogg5Rx;application/pdf;7;4
Omelette_legere_aux_courgettes.pdf;1_CByMZfZQkBL5unMMsCSSsIRnd0oMzhM;application/pdf;4;14
One-pan fabulous fish.pdf;1drCVoCXnIuXsbkcAoSuGy3kozmDyyzhe;application/pdf;5;43
One-Pot Chicken and Orzo Bake.pdf;16mF0TyiJX3fWQPICapycG2pJ4fEN0xLK;application/pdf;11;14
Organic sesame chicken stir-fry.pdf;1RxmiInR7k3xcAKBIZ9-oFAnAxIqal1IP;application/pdf;0;0
Osso-bucco à la milanaise.pdf;1t9bOKCoPmll8ajb5A6xmTb8Y6UjhfJ5v;application/pdf;0;0
Paella de légumes.pdf;1lGxMpoIth6nScr1OTgkThUc7O_uHIuaI;application/pdf;0;0
Papillotes de colin à l'estragon.pdf;1R03MEp8KyJaH9Hd87myol2lsiBGx_GlI;application/pdf;0;0
Papillotes de lapin aux épices.pdf;1TCMyrvJrO5awP3vYf3y6bgkOIcp-09e6;application/pdf;0;33
Papillotes de poulet à la noix de coco.pdf;1FbtsKcuDlHChasFBwk7MMcVF56p_WjPD;application/pdf;0;22
Papillotes mille-feuilles pomme et chèvre.pdf;0B42O_BX-8zVLYzk0YTczMzctOWFmMi00ZTE5LTgyODItOGJlNjUxOTY0YzVh;application/pdf;0;21
Papillotes zen de blancs de poulet.pdf;1T7E0IlvoundRAvSW3DFYHb6MMPy2LGDc;application/pdf;0;41
Parmentier de Canard.pdf;1hBA9du1zV4hqDMJBwmiISsrZgNWUd7vV;application/pdf;3;118
Parmentier de confit de canard.pdf;1-FGiHg4PH_nuLDBFJWxvilY_vq_hs3TH;application/pdf;5;26
Parmentier de potiron, canard et foie gras.pdf;1OXfZvIMHvjqLvqRoDI0vKRDA_4Bnlla4;application/pdf;0;0
Parmentier de thon en verrine.pdf;16OajdRaC5Zvbmxxzg5RtUZlhJByHZYAE;application/pdf;0;51
Parsnip Soup with Sage & Beans.pdf;1dcUgUUK3FIDgS1MWuQ3pxgPY7jOpYior;application/pdf;0;56
Pasta Bake.pdf;1ksr3XjIHFA5m3XRcneiGpUmlJQ8ckAaa;application/pdf;11;11
Pate_brisee_maison.pdf;1iPfMRN5w0Zx6e6VQBnUQGLMmP6Uk_oPl;application/pdf;4;8
Paupiettes de veau au vin blanc et champignons.pdf;11xFD6C1fJluAWZAE6SGXOeLXYF0N-V8J;application/pdf;0;0
Pea & Tomato Bruschetta.pdf;1qF9x-LiYvV5MeV_3Z2YrHqXNFNcaSiBZ;application/pdf;8;0
Pennes au poulet, jambon et tomate.pdf;1f0WMjMt0x7QDR4qpcXH0rYAIDk0P81Oz;application/pdf;0;36
Perfect Roast Beef.pdf;135-s1foVHL94wJsVJjrA64e9Y2-RWSzy;application/pdf;5;56
Petits wraps au jambon.pdf;1bkUThCWIxTgfmiIMSZ53WYN-iHGoq2N3;application/pdf;0;0
Pintade bonne femme.pdf;1exO25OUtrdtGAk-I0GgAFTKx4wUVWfF4;application/pdf;0;25
Pintade rôtie sauce au poivre vert.pdf;1n46fxx8kS7bV5BXNUtkX-Mo6EYSt232L;application/pdf;0;35
Pintade à la normande.pdf;1GGd6hN5BkCmCuCRQMtZLSV0ZeLMnqBhA;application/pdf;0;22
Piri_Piri_Chicken_Sweet_Potatoes_Broccoli.pdf;1PJ9kRol7WcIUttooHCSGWriyzH6Cdg1V;application/pdf;4;21
Poires au four à la vanille.pdf;1p6JwCOiKlACcwtnFvqNY7KBsxD-bNaIJ;application/pdf;5;21
Poisson en papillotes express.pdf;1mkXs6rAF_LQS1cY_X2j4kZIKvuraXv-C;application/pdf;0;22
Polenta_moelleuse.pdf;1Kf7TtDqnWu8E1caURWDF7peWPlbCVtze;application/pdf;0;6
Pommes au four à la pâte.pdf;1LYopdLvPjcBzv2rCSM-FZzBvdqOG3w7R;application/pdf;0;15
Pommes de terre au vin blanc.pdf;1ruAOCcCidO0OjgJ5L7VDlJvNjcBFBsi0;application/pdf;0;0
Pommes de terre sautees.pdf;18wCAHed0r2O82g9wrjbZ4_615GUSsWJ3;application/pdf;3;30
Pommes_de_terre_sautees.pdf;14MMEwKXUJhk1ycRR1lOcMtPrOfZg8GWx;application/pdf;3;28
Porc à la créole.pdf;1dvakG4tpyrm47pxsLatI_iDx7EYej94t;application/pdf;0;20
Porc à la moutarde façon blanquette.pdf;1lajihachnMLJmPnkzjqcamEYB_O_GYGm;application/pdf;0;56
Pot au feu de poisson.pdf;1Jkmum6hUY684YWp_gLNKVXhwEaern98_;application/pdf;0;36
Potage crémé à la Mâche.pdf;1yTONDdVGrjtt7l9_FLnp4KJ4YLoeuNTN;application/pdf;0;22
Potage de pois chiches à l'orientale.pdf;1DfyFLFrv4KeXnyEhzYQh5HsmpIYOImCk;application/pdf;0;0
Potage minute poireaux-coco.pdf;1fugQz1zoHQTEFcwZeaXaw-fZDNASFVKg;application/pdf;5;9
Potage à la salade verte.pdf;1ihb0HhE65ofTjpkcbfFf-v5BUt-pPPSG;application/pdf;0;29
Potato, Asparagus & Mushroom Hash.pdf;1jwwr6yfZ529vWN18jSu4xrrjSSBSJtpr;application/pdf;6;27
Poulet au curry.pdf;1fmUdAPyyTsRolatzbu_DI88l1MAu7Vzn;application/pdf;0;16
Poulet au yaourt au curry.pdf;1hbpxAIhApAKmJdDSdyiYv-RNr0FbXuHv;application/pdf;15;23
Poulet aux carottes.pdf;1ZdsgTjQ7G6XMmUZqxEng2Yw4g_PPsiCJ;application/pdf;6;9
Poulet aux olives.pdf;1HQwfhU2bufeToewvDPMWF4wMQSgbBrWc;application/pdf;13;4
Poulet aux échalotes et au gingembre caramélisés.pdf;14-Mu_s4IzYDQP3SGz-aAPwk0JNh6IJED;application/pdf;9;12
Poulet rôti aux croûtons et pommes de terre.pdf;112pw06jS3kgGxTWXF71R9_JnYA4calCI;application/pdf;0;25
Poulet sauce bulgare.pdf;12iTGvFRMoG7ETJurUKjY4CZz6cVdNkGo;application/pdf;0;0
Poulet à l'ail.pdf;1JkbYGxiBhL_wBewuf-QiifpA-YxIQLR5;application/pdf;0;18
Poulet_roti_ultra_tendre.pdf;1M0feRLH3nM4IO6U_1KOVWHKfdXN7VmlL;application/pdf;3;7
Pouting fish fingers, sweet potato chips & cheats basil mayo.pdf;1qZ1wlHW1RuxkEg5pN2CGAazcMzVz1qTE;application/pdf;0;81
Prawn & chorizo orzo.pdf;1w5bmUnPBh9r1O8DzpRbp3PNwsNMH6-vG;application/pdf;9;0
Prawn & coconut curry.pdf;1KP9wmbFvyZz-U7DAzry93RfPJDezm0AS;application/pdf;5;50
Pumpkin and Ginger Soup.pdf;1BTX8o967HotzxSnED-p963rvCmbtntN0;application/pdf;7;22
Pumpkin risotto.pdf;1XPA70PWUdh3UzWZRaVOAs7-_75_c52V7;application/pdf;4;32
Purée aux deux pommes, reblochon et jambon croustillant.pdf;1BPwJFJ9yYihohZSp7ukUWBBjzuZAb9lx;application/pdf;0;29
Pâtes aux lardons de volaille et sauce Pistou.pdf;1_SUdpsLe4Mxydswkam8bdsh90fpF_6jA;application/pdf;0;26
Quatre quart.pdf;1sbcmqYBgNY-Zgo9j8fU9i8wtf_dWNTN8;application/pdf;0;26
Quiche aux oignons, carottes et viande hachée.pdf;1vrqZO3q8jNAzRy3RX3bvaW9y86PppbHk;application/pdf;0;0
Quiche aux poireaux et St Jacques.pdf;1FeJ0LiZrmxXaFfFLbYLEvMT1YfH6oMVJ;application/pdf;0;17
Quiche_a_la_courgette.pdf;1fMsJQKjFNgZgyd0m71PvoC2kRZ6rh0QJ;application/pdf;7;18
Quiche_Lorraine_legere_base_yaourt.pdf;15N8ycXRxkja7Q_IgoOsUl_i6PTy4Sd6D;application/pdf;0;6
Quiche_sans_pate_saumon_fume_brocoli.pdf;1MFSL6Jp7mh0Oic-1f71Hb2lLfJDTnyYO;application/pdf;5;19
Quick Asian fishcakes.pdf;1umdq0IUqZsdkiOclUr1oia4uDgjph0i8;application/pdf;5;41
Quick Flatbreads with Avocado & Feta.pdf;1mlhwOPD9CEHk2L5u6oWPCH7_a1OwGCP0;application/pdf;3;46
Quick goat's cheese and mushroom risotto.pdf;12eV0kLpWqJnxzqFuHS8dEEsEFX0tkIWu;application/pdf;8;8
Ragout_poulet_cremeux.pdf;10EEBDd8dH9ILPyxWr_g10AUBXDr2vSY_;application/pdf;10;23
Ragoût d'agneau aux flageolets.pdf;1z2gl_NEESyPWGaYtgEDSvanYVWv_Y13f;application/pdf;0;20
Ragoût d'agneau aux flageolets.pdf;1zg7mVQlDQ2lTrWMiYaNvByn5dFAuiyD3;application/pdf;0;20
Ratatouille_traditionnelle.pdf;1SvUYrpnMT9jMGU_SBKODxRLQlRFze4A2;application/pdf;5;7
Recettes Hennessy.pdf;1_xbYJA3WVTsGvNT24D0EXwlMnfOOOMnH;application/pdf;10;120
Red lentil and bacon soup.pdf;16vA3oMeZEUH3uZZvAoEZxL6M_0DNWspI;application/pdf;7;30
Red Lentil Soup.pdf;1nmbxOdkuigGB9HiC7K2L8nGO1D-bLvch;application/pdf;0;10
Risotto crémeux aux coquilles St-Jacques.pdf;1GkfKL2W_cqWpPItobS-PHVOLcq3p-cww;application/pdf;0;0
Risotto à la carotte et au basilic.pdf;1GuB_rZjrhrUUPq0XITvLXImuMYGaOB3U;application/pdf;0;21
Risotto à la milanaise.pdf;1jumlxST6U-wAE6Lwi__CHsDGUPKHSVan;application/pdf;0;29
Riz aux légumes et boeuf.pdf;1dv7QgY5PjFFygfmp3iHgwnJxHmvAoJhq;application/pdf;0;28
Roast Chicken.pdf;1XtOdtuQxEX-lHGs0qtwGzqc4dOm7-TYr;application/pdf;7;65
Roast tikka chicken.pdf;1Kr-OxsTXQaJn_2_FqT0DuZFvRbjE5jTs;application/pdf;5;46
Rochers à la noix de coco.pdf;1WropWPSBFArm3dgU1AcP6aaEj73bcvZN;application/pdf;7;0
Rougail saucisses.pdf;1sCGNVVjD9EDGVcuX6tPdi_WjXFhJuBcn;application/pdf;0;0
Rougets barbet aux clemenvillas.pdf;1uAzAyvf25Os1IHy-Ps9ZLg0VrCfGw8GA;application/pdf;0;32
Rouleaux feuilletés aux pommes de terre et au thon.pdf;1zgpHu3R9-jTLlyOYOVJfDdYVlFCjRYeE;application/pdf;0;0
Roussette à la Stroganoff.pdf;1bYh21JNfVzMKGs2WrFiPpJWOW8dUGNdH;application/pdf;2;1
Runner beans with shallot butter.pdf;1CKhe8D3bBj8eSNxBxmEAbaCcXDDKMUbj;application/pdf;6;13
Rôti de porc aux herbes.pdf;1rKBhYurW-5N2J4zT8RB8BHYdCnKP4396;application/pdf;7;9
Rôti de porc braisé.pdf;1jsSbhtWQu4ZukqL7g2eHe9IXvlS19CVW;application/pdf;7;9
Rôti de porc braisé.pdf;1PpXrTu_Eg3OgWe6CFOpqnHsAtqVpuyOn;application/pdf;7;9
Rôti de veau moelleux.pdf;1Vb25MjlGuIYIR9nBVolqeRxUvxsCe3l1;application/pdf;0;0
Saint jacques tout juste rôties aux marrons glacés.pdf;1-pCYfhu6vBkQR4179yviIf7cLbjXQyzO;application/pdf;0;0
Salade de carottes à l'orientale.pdf;1_pa1S4_Kb4jtyFnZWYZbYJ3AC6_9-ecJ;application/pdf;7;5
Salade Fantaisie.pdf;1aCNMuK7YL3VLtqcdVshGzaBEw7t7FtQg;application/pdf;0;7
Salade fraîcheur au crabe.pdf;1D1ekD1NR7ilF2p5CLaXTjE7CycwYjOFr;application/pdf;0;32
Salade jambalaya.pdf;1hOqF_n7rg_ShlMA-QpEKEF8o4HPpMxR7;application/pdf;0;0
Salade Nordique.pdf;11neDbXnbNhEDNdOABwUoGP5NeobAL8Nw;application/pdf;0;0
Salade Princesse.pdf;1gHmirQK8lw07YrPcLmELJgfC88GWQx0x;application/pdf;0;10
Salade_lentilles_lardons_oeufs_mollets.pdf;1yVD7L2qn3dN3coB0Jp_QWWMeIgGhXyt5;application/pdf;10;19
Salade_tiede_lentilles_lardons_oeuf_poche.pdf;12i5hs3_1kBBvRJ3uaSUfh1UThXRII5lB;application/pdf;0;5
Salmon with young garlic & tomato sauce.pdf;1CpJBOk0HiX-ngovikghwTBXzwIoNJX1r;application/pdf;2;53
Sandwichs et leur salade.pdf;1NTwE_HGsiNo9T9FNtbD4twnjtNFrUA0s;application/pdf;0;0
Sauce Bolognaise.pdf;1Dqla1LYo4nC52zk6OctWqa_5KcGoPouD;application/pdf;0;5
Sauté de porc au caramel.pdf;1f6koAeQWRcGZlMMizequCmgzbX_Y_DbF;application/pdf;0;22
Sauté de veau à la hongroise.pdf;1tua4rW0cFlVdPFRg7zvmxw2mGTP__rg1;application/pdf;0;26
Scrambled egg omelette.pdf;1mi418Uk0crCX95nl2OPmJ-OjKE82Eejf;application/pdf;1;46
Seared turmeric chicken.pdf;1mt4JajqgBHg2fNUqn9ep4y7qPxpCXZSr;application/pdf;9;62
Sesame butterflied chicken.pdf;1n1IxZ9WOYJBCp9otgRkSAtU_NZJ9J7YL;application/pdf;0;65
Sesame-Ginger-Chickpea-Stuffed Sweet Potatoes.pdf;1zlK8EMT8GmASrbe3-FlRG5IpGSB_XYxi;application/pdf;0;49
Simple chicken and potato curry.pdf;1v3Gm5DjgtXs4hU4F20X_rHbMcqU8HAGO;application/pdf;9;32
Sloppy-Joe Stuffed Peppers.pdf;1BcwxpIK5f8jZGmgP-Ke-cyzlR15NLwHG;application/pdf;12;0
Slow cooker beef curry.pdf;1pIMePyRyrvHyegGPINgYFuI60Su2cBN0;application/pdf;9;19
Soufflé au poulet et curry.pdf;1_l5rvdxEXG1lmolPHoEuiGLxAsrb_RYg;application/pdf;0;33
Soufflé aux cèpes et au comté.pdf;1erIueoMQzpyfAX9OkmC7r_YkZ8dnLHAm;application/pdf;0;27
Soufflé de petits-suisses aux herbes.pdf;12XqffWmEeWf-Fq0vnmmT5sD_byuRAu2h;application/pdf;0;0
Soupe au potiron et au lait de coco.pdf;1iGIdZF2CuRCuKcmm1blF-AXrT_KEX4Rk;application/pdf;0;0
Soupe Cheverny.pdf;17J9B_V3IY1NDROdo6hZfmen_8B5lCGr7;application/pdf;0;33
Soupe de betterave.pdf;1kIvDyUG1yQbpXVHJr989BoWkNjJnMCm7;application/pdf;0;20
Soupe de courgettes à la moutarde.pdf;1vj5Y6vqEdxB31lgF521HmAtcOg2IKRVe;application/pdf;0;0
Soupe de lentilles.pdf;1kgsn27UuaH0jUR_XOVYFtdLOF9oj2-t9;application/pdf;5;7
Soupe de tomates.pdf;1RKIElucWFljcFU_xJs_K4_uXj6ij3d0_;application/pdf;0;2
Soupe multivitamines.pdf;186T70kGVflr3ztdvH8hylA29RdJYvx5Z;application/pdf;0;41
Soupe potimarron.pdf;19_wgDaqbIRq0tGmF1HoofXr53d57pU0g;application/pdf;0;0
Soupe à l'oignon aux croûtons.pdf;1SDsWnQ8ETYjljIOPUvYqGPU7ah34EqV4;application/pdf;0;21
Soupe_a_la_tomate.pdf;14X-5Kfpd2WSOXg4ZnD-yCqS4emLjkbJO;application/pdf;8;14
Soupe_carotte_gingembre.pdf;1sdLEIwDbV0MziXb3jSw-YUm8gcsn1TY9;application/pdf;7;14
Soupe_carottes_citrouille.pdf;16CB7sMzpsR7HEyoUrWJuLqvjazM1w4jB;application/pdf;6;11
Soupe_champignons_Boursin.pdf;1D1TS48N6OyXF2JmRUOr6_QKkHMgCb4Vq;application/pdf;7;15
Soupe_de_poireaux.pdf;11gX8mb_WnA3ClAiSVhLPZnPyhtCnm-Z-;application/pdf;3;13
Soupe_froide_de_courgettes.pdf;14XKygXhJsUXgRU7qCf9cxD-U19eJBvB_;application/pdf;5;16
Soupe_fromage_biere.pdf;1y-AtSjF9uP0_HkjdcJ-H_b0Dy4-sroUU;application/pdf;13;16
Soupe_legumes_pain_grille.pdf;1xK4wfam2y_B8sYvnpX_vrRX-g6xeRvSe;application/pdf;10;13
Soupe_legumes_rotis_croûtons_ail.pdf;1DEUEi5E6yDPsZwYGYII_5su_u77CVVSU;application/pdf;0;6
Soupe_lentilles_corail_curry_coco.pdf;1pMmsTTvwDyIpBNdEcQPXjV5EyICNIQTX;application/pdf;7;12
Soupe_lentilles_corail_lait_coco.pdf;1XhsAvtRS89xdER1V_mRYP9Q8BbWtNKp4;application/pdf;6;7
Soupe_minestrone.pdf;1J95twroTX17dPkbyKqjcWg_XwZiUzULq;application/pdf;14;17
Soupe_oignon_gratinee.pdf;18bsicejtqCx7szpip25x5hASVyDDWi04;application/pdf;7;16
Soupe_patates_douces_epices.pdf;19nOGWBfNqsw5UtCixg_1gK6xAVTzuoGR;application/pdf;11;17
Soupe_petits_pois_menthe.pdf;1D3A6gDumGdpIzJM5DVXuYYi1XTmgDBeG;application/pdf;5;14
Soupe_poulet_haricots_blancs.pdf;1lD-ozD5rti6Jyepg0fQrczmkkRUwyDyB;application/pdf;5;6
Soupe_poulet_nouilles.pdf;1ZfVnPHi5wpLG5SInYhi7htJtci57q4xz;application/pdf;10;16
Soups.pdf;10LG_5z0lMZhmJHDFoDdFfG3LV77bGyWD;application/pdf;0;0
Spaghetti alla puttanesca.pdf;1wDJ02W-6SYklFfCvV_M9j58E5bs9qw21;application/pdf;1;46
Spaghettis au thon.pdf;1-lLbkfUGxYhADZeqQO6snYqfrSjZDsch;application/pdf;0;20
Spanish chicken stew.pdf;149f9MPAYJEFpo9HJnNjQXk6haBB9a5CG;application/pdf;0;0
Spinach, mushroom and ricotta quiche with sautéed spinach.pdf;13r9PioP8lO4wI5QB5qjMVYxaBh27vk-M;application/pdf;5;42
St Jacques en papillotes.pdf;1raKQZRE17dDV4m__aAdUnLeubyLwE3m1;application/pdf;0;22
Super salmon parcels with new potatoes & homemade basil pesto.pdf;1IWGHHdAwCfJXQ2NzJ1KmRBuBjY2F3Ap8;application/pdf;7;69
Super-speedy steamed salmon.pdf;1PgI_14Aq57STJR1zqSiDYIjoJfmBeLdD;application/pdf;11;57
Superb squash soup.pdf;1y3cPjrpqDhHGOWMGcVtEWVP35e6yzF9T;application/pdf;7;68
Suprême de volaille basse température et craquelin salé, riz sauvage aux légumes cuit comme un risotto.pdf;1Fd5IplP_5p8rV8cQr3owZWrMUE4DueVdoMFBt8pOP7MDZS5oJugkpeLzSISIM4LoOcmmJ0OBvr4nD79_;application/pdf;3;41
Sweet potato and coconut soup.pdf;1JuhxbBmF3ahkjDQ_bldiYbRMn0GsKmUN;application/pdf;6;11
Sweet potato muffins.pdf;1McWaC6gUjS9loQFvcoX801AnYxKl-O6i;application/pdf;9;24
Sweet potato, chickpea & spinach curry.pdf;11LwmGaUA5B3hVFPwd9U9yfmxo8wknRcf;application/pdf;9;56
Tacu Tacu.pdf;1-u5dM-k4TOL5oXkfURD7LZLSFRXsi9qF;application/pdf;6;50
Tagliatelles au poulet et au cognac. (crème, oignon, ...pdf;1x0LCoPr_8Nr1a1UohhV9NncNXH_3abRC;application/pdf;4;77
Tajine aux carottes.pdf;1XesFTxqnGjgow__cs8WS2cl4uBmqmt7t;application/pdf;13;14
Tartare de saumon à la coriandre.pdf;1zfGaC1hHxpXk4AnhXFx03CP_leDcbInl;application/pdf;0;19
Tartare de saumon, sésame et gingembre.pdf;1FV91BrWmDzdDIBCAPIh3d-XKwpXaXggJ;application/pdf;0;0
Tartare de thon aux avocats et aux radis.pdf;1PUFwc3qFkZvKTrqhz7TMApvTa-VHyQas;application/pdf;0;24
Tarte au camembert.pdf;1zRhLoI-yrQjbdS_Exl-jUuQ2NGO4XBZ7;application/pdf;0;0
Tarte au citron corse.pdf;1EfuQ0TZHjVY718_IehXk7nYF18iuCkmc;application/pdf;0;11
Tarte au thon rapide.pdf;1Y1GiYNvTdM0aZF4p-G-JXXX3_4wF6rMV;application/pdf;0;0
Tarte aux figues avec des amandes.pdf;1xhVxqU7M92QAFN-UehtkHErkp73QIDoX;application/pdf;12;25
Tarte aux fraises et mascarpone.pdf;1QolkIUfvLzFDZ5pNfWzIV1moGdd1vBhE;application/pdf;5;6
Tarte aux poireaux et au chèvre.pdf;1cJIE_Dh3bx11g95Srsvozem12E2uH9I7;application/pdf;0;0
Tarte aux poireaux et au parmesan râpé.pdf;15HocuQfVmCrp6jtcZr1X4c77U3uZ72ny;application/pdf;0;0
Tarte chocolat - poires facile.pdf;1P0o_ea0Z-kDfMsSSEPP10jJOtKkYBm0d;application/pdf;7;12
Tarte crumble à la pomme de terre.pdf;1ISCVmF3uvpDSdPRM25zpQZa9t9jlaKqh;application/pdf;6;0
Tarte salée à la ricotta.pdf;0B42O_BX-8zVLUFFON1NXN0ZjcXM;application/pdf;0;0
Tarte à la mangue.pdf;15QcvWsTNq5q-ETj-gLvNflwGbOQNCRKx;application/pdf;0;0
Tarte à la provençale.pdf;0B42O_BX-8zVLekRCbC1XMGl3ZVU;application/pdf;0;0
Tarte à la ricotta, au saumon et petits pois.pdf;1f6oTWGX5EJ30TSAjfQLBqzX0vGTdObg9;application/pdf;0;21
Tarte_rustique_poireaux_fromage.pdf;1OeSUmJWeqLqmDjeNb4XFeqZ9_lyL7qu1;application/pdf;0;7
Tarte_rustique_tomates_aubergines_chevre.pdf;1XJ2LnCxvVLEpwV83GHY1j5G-05RxO84d;application/pdf;5;6
Tartiflette au reblochon.pdf;1J-dMO5la6WEXJkv_MvzCLBEf-qiFqs6c;application/pdf;7;17
Terrine de merlan au curry et aux saint-jacques.pdf;1lX67gx0JrAeGlB2-D_L_7r-8IE1d2TC0;application/pdf;0;32
Thai Chicken And Squash Traybake.pdf;1JcibVVwJYOTXD8WlqCF7L1I78jXAh0Bd;application/pdf;10;20
Thon à laméricaine.pdf;1_87oC7GvNm8-syX7-hf7QWkcOwzLhahf;application/pdf;0;28
Toasted Popeye bread.pdf;1dW66Y5MOP8P0c4sVI7ntD7W2s-KdX4OQ;application/pdf;0;67
Tomates poêlées aux oeufs.pdf;1KTn4JOcP9lVIBzrZQvGqqRa_7MG97afl;application/pdf;3;5
Tomato & caper linguine.pdf;1xWXz7QnTD9kpNP9GPzK87qke1PXCUzdD;application/pdf;2;28
Tomato and pepper tarte Tatin.pdf;1e20kY-G2KY4Zk8bTPfhQX0eiSKHxIODQ;application/pdf;6;30
Tomato and Pesto Spaghetti Recipe.pdf;1jLKrkdnH4jxQ0wtEGzBLJ8D5vuE_uiqD;application/pdf;7;9
Tomato, red wine & chorizo risotto.pdf;1Jai_qp90MIgJG1BpQ2nlFTBuplUdB4Ff;application/pdf;2;70
Tranches de filets de colin à la fondue de poireaux.pdf;1Dbpnni9wRSwFmsGZ8JIwiqmYYDykZxJC;application/pdf;6;7
Tuna bean salad.pdf;1KG90tFTgOh11g0hPs_RnmjvghPHRE1Pl;application/pdf;7;32
Veau en crépinette.pdf;1smKd-BIJpgQavBPZrLL_K5rOVHB9Q522;application/pdf;5;6
Veau mariné.pdf;1vD2Tm_5KA0HBGmFW6pzveqUGhGM5N34M;application/pdf;0;7
Veg feijoada with sweet potato.pdf;1yv24xpp9p57M4oZN2HOOKT1JzXiDu2lB;application/pdf;9;71
Veggie quesadilla bake.pdf;1H9dJif0wn5qvqGPtNOZqjwinu8Sknrxl;application/pdf;0;0
Veloute_courgettes_oeufs.pdf;16YtMPrZEnaun7KRHielknGlh4FHNvZKt;application/pdf;5;7
Velouté de carottes et patates douces aux croûtons rigolos.pdf;1NNAE_BO-wtoUmyVDrD88B71iTU0gsI-4;application/pdf;0;0
Velouté au potiron.pdf;1-9Y6X3Wx8uzyxofvs9oANRLvpCUNDzMn;application/pdf;0;21
Velouté d'endives.pdf;1w_Kyvgbh37tNfkC2KvACTd73Sl78oHic;application/pdf;0;24
Velouté de carottes au curry.jpg;1qLEAOX11-zmYQXl9abAqvEfuQhVXCLq2;image/jpeg;3;120
Velouté de châtaignes.pdf;1nxm0UqyJ4mkGfrx_xIwrPHyD1Lx4giyF;application/pdf;0;0
Verrines de saumon frais, avocat et chantilly.pdf;13bzVYdxpKFllONcF6-bkkkp2zcK5xzZf;application/pdf;0;24
